[
  {
    "pergunta": "Quais são os pacotes promocionais disponíveis na promoção Vivo Controle?",
    "resposta": "Os pacotes promocionais da promoção Vivo Controle são: Vivo Controle 5GB I PLN - ANUAL (R$49,99), Vivo Controle 5GB I - ANUAL (R$54,99), Vivo Controle 6GB PLN - ANUAL (R$60,99), Vivo Controle 6GB I - ANUAL (R$65,99), Vivo Controle 8GB PLN - ANUAL (R$80,99) e Vivo Controle 8GB - ANUAL (R$85,99)."
  },
  {
    "pergunta": "O que está incluído nos serviços móveis da promoção Vivo Controle?",
    "resposta": "Os serviços móveis incluem internet mensal (5GB, 6GB ou 8GB dependendo do plano), SMS nacional ilimitado, chamadas locais ilimitadas dentro da mesma área de registro (DDD), chamadas de longa distância com CSP 15 ilimitadas, isenção de habilitação, chamadas recebidas em roaming e chamadas adicionais, e possibilidade de compartilhar dados via app Meu Vivo."
  },
  {
    "pergunta": "Qual a velocidade máxima de internet oferecida nos planos da promoção Vivo Controle?",
    "resposta": "A velocidade máxima de referência para 4G é de 5Mbps para download e 500Kbps para upload. Para 3G, é de 1Mbps para download e 100Kbps para upload. A VIVO não recomenda o uso da rede 2G para internet."
  },
  {
    "pergunta": "O que acontece quando a franquia de dados se esgota?",
    "resposta": "Após atingir o limite da franquia de internet, o acesso à internet é bloqueado até o próximo ciclo de faturamento. O cliente poderá contratar pacotes adicionais, conforme disponibilidade."
  },
  {
    "pergunta": "É possível compartilhar a franquia de internet dos planos Vivo Controle?",
    "resposta": "Sim, os clientes podem compartilhar a franquia com outros clientes das promoções Vivo Controle e Vivo Turbo, via app Meu Vivo. O mínimo a ser compartilhado é 50MB e o máximo é o saldo restante. A franquia compartilhada expira às 23h59 do dia seguinte ao recebimento (D+1)."
  },
  {
    "pergunta": "É possível pedir internet para outro cliente?",
    "resposta": "Sim, o cliente pode solicitar internet a outro cliente elegível, via app Meu Vivo. Se o outro aceitar, o solicitante recebe um SMS com a quantidade e validade da internet (até 23h59 do dia seguinte)."
  },
  {
    "pergunta": "Quais serviços digitais estão incluídos nos planos com combo digital?",
    "resposta": "Dependendo do plano, os serviços digitais incluem GoRead (revistas digitais), Babbel (curso de idiomas), NBA Básico (jogo ao vivo e conteúdos on demand), Vivo Meditação Lite (quatro categorias do app) e Skeelo (um e-book por mês)."
  },
  {
    "pergunta": "O uso dos serviços digitais consome a franquia de internet?",
    "resposta": "Sim, o tráfego de dados para acessar os serviços digitais é descontado da franquia principal ou dos pacotes adicionais contratados."
  },
  {
    "pergunta": "O que está incluído no serviço GoRead da Vivo?",
    "resposta": "O GoRead oferece acesso a revistas digitais com conteúdos interativos. O serviço deve ser acessado via aplicativo e consome dados da franquia. Seu valor promocional dentro da promoção é de R$3,00."
  },
  {
    "pergunta": "Quais funcionalidades do WhatsApp não descontam da franquia de internet?",
    "resposta": "Mensagens de texto, voz, envio de fotos, vídeos, chamadas de voz via VoIP. Chamadas de vídeo e acesso a links externos consomem a franquia."
  },
  {
    "pergunta": "A promoção Vivo Controle permite chamadas ilimitadas para outras operadoras?",
    "resposta": "Sim, chamadas locais são ilimitadas para qualquer operadora dentro do mesmo DDD. Chamadas de longa distância também são ilimitadas, desde que feitas com o CSP 15."
  },
  {
    "pergunta": "Qual o período de adesão e validade da promoção Vivo Controle?",
    "resposta": "O período de adesão foi de 16/08/2021 a 19/09/2021. Os benefícios foram válidos até 19/10/2021, podendo ser prorrogados ou modificados mediante aviso prévio."
  },
  {
    "pergunta": "Existe bônus adicional ao contratar o plano?",
    "resposta": "Sim, ao contratar, o cliente recebe 6GB de bônus com validade de 30 dias, convertido automaticamente após a recarga inicial equivalente ao valor do plano."
  },
  {
    "pergunta": "É possível contratar pacotes adicionais sem saldo disponível?",
    "resposta": "Sim, é possível contratar pacotes adicionais com cobrança na fatura. O valor permitido varia conforme a mensalidade do plano, indo de R$17,50 até R$34,40 por ciclo."
  },
  {
    "pergunta": "Os minutos e pacotes não usados acumulam para o próximo mês?",
    "resposta": "Não, os minutos e pacotes não utilizados não são acumuláveis, intransferíveis e não podem ser convertidos em benefícios ou valores."
  },
  {
    "pergunta": "É possível cancelar somente parte dos serviços do plano Vivo Controle?",
    "resposta": "Não. Os serviços móveis e digitais são indivisíveis dentro dos pacotes. O cancelamento implica na saída da promoção."
  },
  {
    "pergunta": "Como o cliente pode compartilhar internet pelo plano Vivo Controle?",
    "resposta": "O compartilhamento é feito exclusivamente pelo app Meu Vivo. O cliente escolhe o número e a quantidade de dados a compartilhar. Não é possível desfazer o compartilhamento."
  },
  {
    "pergunta": "Quais apps podem ser usados sem descontar da franquia principal?",
    "resposta": "WhatsApp (exceto videochamada e links externos), Waze e Moovit. Essa lista pode mudar com aviso prévio de 30 dias."
  },
  {
    "pergunta": "Como funciona a adesão à promoção feita por canais não presenciais?",
    "resposta": "Nos canais não presenciais, o aceite de voz é considerado como concordância com os termos da promoção e contrato de adesão."
  },
  {
    "pergunta": "O que é CSP 15?",
    "resposta": "CSP 15 é o Código de Seleção de Prestadora usado para chamadas de longa distância nacional no plano, sendo necessário para usufruir da gratuidade dessas ligações."
  }
]
